<?xml version="1.0" encoding="UTF-8"?>
<project-private xmlns="http://www.netbeans.org/ns/project-private/1">
    <editor-bookmarks xmlns="http://www.netbeans.org/ns/editor-bookmarks/2" lastBookmarkId="0"/>
    <open-files xmlns="http://www.netbeans.org/ns/projectui-open-files/2">
        <group>
            <file>file:/C:/Users/Andros/Documents/NetBeansProjects/javaGame/src/game/AttackEvent.java</file>
            <file>file:/C:/Users/Andros/Documents/NetBeansProjects/javaGame/src/game/MiniMap.java</file>
            <file>file:/C:/Users/Andros/Documents/NetBeansProjects/javaGame/src/game/Game.java</file>
            <file>file:/C:/Users/Andros/Documents/NetBeansProjects/javaGame/src/map/ObstaclePiece.java</file>
            <file>file:/C:/Users/Andros/Documents/NetBeansProjects/javaGame/src/map/GamePiece.java</file>
            <file>file:/C:/Users/Andros/Documents/NetBeansProjects/javaGame/src/map/Map.java</file>
            <file>file:/C:/Users/Andros/Documents/NetBeansProjects/javaGame/src/map/MapView.java</file>
            <file>file:/C:/Users/Andros/Documents/NetBeansProjects/javaGame/src/map/CharacterPiece.java</file>
            <file>file:/C:/Users/Andros/Documents/NetBeansProjects/javaGame/src/map/ProjectilePiece.java</file>
            <file>file:/C:/Users/Andros/Documents/NetBeansProjects/javaGame/src/map/PowerUpPiece.java</file>
        </group>
    </open-files>
</project-private>
